City_ID,City,Country,Date,Lat,Lng,Max Temp,Humidity,Cloudiness,Wind Speed
0,Yellowknife,CA,2020-04-15 06:25:21,62.46,-114.35,23.0,73,40,9.17
1,Bredasdorp,ZA,2020-04-15 06:25:21,-34.53,20.04,55.4,93,90,5.82
2,Kapaa,US,2020-04-15 06:25:21,22.08,-159.32,75.2,88,90,6.93
3,Jamestown,US,2020-04-15 06:25:22,42.1,-79.24,32.0,100,90,4.0
4,Henties Bay,NA,2020-04-15 06:25:22,-22.12,14.28,57.0,92,0,4.0
5,Santarem,BR,2020-04-15 06:25:22,-2.44,-54.71,73.4,100,90,3.36
6,Lavrentiya,RU,2020-04-15 06:25:22,65.58,-171.0,29.03,98,99,7.87
7,Vardo,NO,2020-04-15 06:25:23,70.37,31.11,35.6,74,75,20.8
8,Upernavik,GL,2020-04-15 06:25:23,72.79,-56.15,18.93,92,97,5.06
9,Vao,NC,2020-04-15 06:25:23,-22.67,167.48,74.64,77,92,15.77
10,Astana,KZ,2020-04-15 06:21:54,51.18,71.45,50.0,43,75,22.37
11,Atuona,PF,2020-04-15 06:25:24,-9.8,-139.03,82.53,67,32,4.97
12,Baykit,RU,2020-04-15 06:25:24,61.67,96.37,41.32,78,77,1.21
13,Souillac,MU,2020-04-15 06:25:24,-20.52,57.52,80.6,83,75,17.22
14,Timbiqui,CO,2020-04-15 06:25:24,2.77,-77.67,75.33,87,89,3.89
15,Avarua,CK,2020-04-15 06:25:25,-21.21,-159.78,75.2,78,86,3.36
16,Jambi,ID,2020-04-15 06:25:25,-1.6,103.62,84.74,80,97,4.07
17,Hilo,US,2020-04-15 06:25:25,19.73,-155.09,75.2,78,90,3.36
18,Bayir,TR,2020-04-15 06:25:25,37.27,28.22,66.2,48,75,14.99
19,Bethel,US,2020-04-15 06:25:25,41.37,-73.41,50.0,56,90,6.93
20,Ushuaia,AR,2020-04-15 06:25:26,-54.8,-68.3,42.8,100,75,8.05
21,Thinadhoo,MV,2020-04-15 06:25:26,0.53,72.93,85.46,62,48,2.44
22,New Norfolk,AU,2020-04-15 06:25:26,-42.78,147.06,61.0,87,90,8.05
23,Bluff,NZ,2020-04-15 06:25:26,-46.6,168.33,48.99,86,100,4.0
24,Bonthe,SL,2020-04-15 06:25:27,7.53,-12.51,79.36,85,100,4.23
25,Bukama,CD,2020-04-15 06:25:27,-9.2,25.85,73.6,77,98,0.31
26,Rikitea,PF,2020-04-15 06:25:27,-23.12,-134.97,75.96,65,34,4.68
27,Pangody,RU,2020-04-15 06:25:27,65.85,74.49,30.43,98,93,12.26
28,Busselton,AU,2020-04-15 06:25:27,-33.65,115.33,73.0,32,36,14.97
29,Mizdah,LY,2020-04-15 06:25:28,31.45,12.98,76.35,27,100,11.36
30,Saint-Leu,RE,2020-04-15 06:25:28,-21.15,55.28,82.4,69,11,27.51
31,Tuktoyaktuk,CA,2020-04-15 06:25:28,69.45,-133.04,21.2,92,75,5.82
32,Solnechnyy,RU,2020-04-15 06:25:28,50.72,136.63,45.43,47,81,11.34
33,Slave Lake,CA,2020-04-15 06:25:28,55.28,-114.77,35.6,69,90,17.22
34,Sao Sebastiao,BR,2020-04-15 06:25:29,-23.76,-45.41,74.93,72,93,9.33
35,Alofi,NU,2020-04-15 06:25:29,-19.06,-169.92,77.0,83,95,3.36
36,Kalmunai,LK,2020-04-15 06:25:29,7.42,81.82,89.24,57,34,2.84
37,Albany,US,2020-04-15 06:25:29,42.6,-73.97,42.8,38,90,4.7
38,Qaanaaq,GL,2020-04-15 06:25:29,77.48,-69.36,11.43,92,100,2.8
39,Camacha,PT,2020-04-15 06:25:30,33.08,-16.33,60.8,67,40,13.87
40,Nanortalik,GL,2020-04-15 06:25:30,60.14,-45.24,30.16,95,99,13.65
41,Hermanus,ZA,2020-04-15 06:25:30,-34.42,19.23,59.0,97,93,5.01
42,Rio Gallegos,AR,2020-04-15 06:25:30,-51.62,-69.22,35.6,80,53,3.36
43,Araouane,ML,2020-04-15 06:25:30,18.9,-3.53,76.95,45,100,17.72
44,Darlowo,PL,2020-04-15 06:25:31,54.42,16.41,45.0,74,100,26.11
45,Port Elizabeth,ZA,2020-04-15 06:25:31,-33.92,25.57,60.8,100,40,4.7
46,Ewa Beach,US,2020-04-15 06:25:31,21.32,-158.01,78.8,88,1,3.36
47,Znamenskoye,RU,2020-04-15 06:25:31,57.13,73.83,47.21,59,26,7.78
48,Hastings,GB,2020-04-15 06:25:31,50.86,0.57,42.01,81,79,1.12
49,Jimenez,MX,2020-04-15 06:25:32,28.33,-105.4,63.16,20,68,5.44
50,Uniontown,US,2020-04-15 06:21:27,39.9,-79.72,34.0,86,40,3.36
51,Pochutla,MX,2020-04-15 06:25:32,15.74,-96.47,75.99,86,100,7.0
52,Tual,ID,2020-04-15 06:25:32,-5.67,132.75,83.61,71,90,2.73
53,Vaini,TO,2020-04-15 06:25:32,-21.2,-175.2,77.0,83,20,3.36
54,Mar Del Plata,AR,2020-04-15 06:25:33,-38.0,-57.56,59.0,77,40,16.11
55,Eureka,US,2020-04-15 06:25:33,40.8,-124.16,51.01,70,1,7.54
56,Ajdabiya,LY,2020-04-15 06:25:33,30.76,20.23,75.15,24,99,7.58
57,Kibondo,TZ,2020-04-15 06:25:33,-3.59,30.72,64.92,60,93,2.01
58,San Ramon,US,2020-04-15 06:25:16,37.78,-121.98,62.6,58,1,4.7
59,Ngama,TD,2020-04-15 06:25:34,11.78,17.17,83.46,12,46,11.9
60,Dikson,RU,2020-04-15 06:25:34,73.51,80.55,12.09,91,40,8.93
61,Punta Arenas,CL,2020-04-15 06:25:34,-53.15,-70.92,46.4,87,40,9.17
62,Shymkent,KZ,2020-04-15 06:25:34,42.3,69.6,57.2,58,100,11.18
63,Beringovskiy,RU,2020-04-15 06:25:35,63.05,179.32,24.69,96,100,9.82
64,Sarangani,PH,2020-04-15 06:25:35,5.4,125.46,82.99,75,40,9.82
65,Mataura,NZ,2020-04-15 06:25:35,-46.19,168.86,48.99,86,100,4.0
66,Barrow,US,2020-04-15 06:25:35,71.29,-156.79,10.4,92,90,17.22
67,Martapura,ID,2020-04-15 06:25:35,-3.42,114.85,93.2,59,40,6.93
68,Saint Anthony,US,2020-04-15 06:25:36,45.02,-93.22,24.01,57,1,5.82
69,Nyurba,RU,2020-04-15 06:25:36,63.28,118.33,31.26,80,50,6.67
70,Sao Filipe,CV,2020-04-15 06:25:36,14.9,-24.5,71.53,77,89,12.68
71,Thompson,CA,2020-04-15 06:25:36,55.74,-97.86,6.8,60,5,5.82
72,Nombre De Dios,MX,2020-04-15 06:25:37,23.85,-104.23,59.0,30,78,5.01
73,Kudahuvadhoo,MV,2020-04-15 06:25:37,2.67,72.89,84.45,68,49,4.16
74,Castro,BR,2020-04-15 06:25:37,-24.79,-50.01,48.81,68,0,2.06
75,Tasiilaq,GL,2020-04-15 06:25:37,65.61,-37.64,26.6,68,2,2.24
76,Provideniya,RU,2020-04-15 06:25:38,64.38,-173.3,32.0,97,90,6.71
77,Xuanhua,CN,2020-04-15 06:25:38,40.61,115.04,69.75,18,99,6.87
78,Sitka,US,2020-04-15 06:25:38,57.05,-135.33,44.6,93,90,1.05
79,San Carlos De Bariloche,AR,2020-04-15 06:20:48,-41.15,-71.31,48.2,81,90,5.82
80,Lebu,CL,2020-04-15 06:25:38,-37.62,-73.65,52.48,74,100,3.11
81,Isangel,VU,2020-04-15 06:25:39,-19.55,169.27,80.33,78,100,8.79
82,Nabire,ID,2020-04-15 06:24:11,-3.37,135.48,86.04,66,81,4.25
83,Concarneau,FR,2020-04-15 06:25:39,47.88,-3.92,45.0,71,0,6.93
84,Cape Town,ZA,2020-04-15 06:25:39,-33.93,18.42,59.0,93,100,2.24
85,Banda Aceh,ID,2020-04-15 06:25:04,5.56,95.32,88.43,63,26,7.0
86,Victoria,HK,2020-04-15 06:23:46,22.29,114.16,77.0,47,20,8.05
87,Ayagoz,KZ,2020-04-15 06:25:40,47.97,80.44,55.69,54,100,18.52
88,Legnica,PL,2020-04-15 06:25:40,51.21,16.16,43.0,60,79,10.29
89,Gombong,ID,2020-04-15 06:25:40,-7.61,109.51,93.09,52,17,4.27
90,Naze,JP,2020-04-15 06:25:41,28.37,129.48,68.0,60,75,12.75
91,Nikolskoye,RU,2020-04-15 06:25:41,59.7,30.79,37.0,82,75,6.71
92,Kaitangata,NZ,2020-04-15 06:25:41,-46.28,169.85,50.0,75,100,3.0
93,Khatanga,RU,2020-04-15 06:24:06,71.97,102.5,7.11,90,69,3.33
94,Fortuna,US,2020-04-15 06:25:41,40.6,-124.16,50.0,75,1,3.36
95,Isilkul,RU,2020-04-15 06:25:42,54.91,71.27,45.01,56,92,15.19
96,Esperance,AU,2020-04-15 06:25:42,-33.87,121.9,69.8,60,12,24.16
97,Alice Springs,AU,2020-04-15 06:25:42,-23.7,133.88,95.0,10,3,3.36
98,Turka,UA,2020-04-15 06:25:42,49.15,23.03,35.01,67,62,1.01
99,Marsassoum,SN,2020-04-15 06:25:42,12.83,-15.98,71.6,83,99,2.24
100,Kununurra,AU,2020-04-15 06:25:43,-15.77,128.73,96.8,23,40,10.29
101,Tiznit,MA,2020-04-15 06:25:43,29.58,-9.5,55.04,53,0,2.06
102,Chokurdakh,RU,2020-04-15 06:25:43,70.63,147.92,-1.16,90,1,8.81
103,Pisco,PE,2020-04-15 06:25:43,-13.7,-76.22,68.0,82,40,3.36
104,Ossora,RU,2020-04-15 06:25:44,59.24,163.07,24.19,93,8,5.57
105,Aklavik,CA,2020-04-15 06:25:44,68.22,-135.01,32.0,98,75,5.82
106,La Ronge,CA,2020-04-15 06:25:44,55.1,-105.28,12.2,56,5,8.05
107,Lompoc,US,2020-04-15 06:25:44,34.64,-120.46,57.99,87,1,3.36
108,Harriston,CA,2020-04-15 06:23:31,43.9,-80.88,35.01,68,1,5.82
109,Marsh Harbour,BS,2020-04-15 06:25:45,26.54,-77.06,75.63,85,74,16.75
110,Storsteinnes,NO,2020-04-15 06:25:45,69.24,19.23,33.01,92,100,23.04
111,Fredericton,CA,2020-04-15 06:20:59,45.95,-66.67,37.4,64,90,3.36
112,Abu Samrah,SY,2020-04-15 06:25:46,35.3,37.18,67.57,28,0,6.35
113,Port Alfred,ZA,2020-04-15 06:25:46,-33.59,26.89,62.01,97,52,1.01
114,Marawi,PH,2020-04-15 06:25:46,8.0,124.29,81.7,55,72,4.12
115,Flin Flon,CA,2020-04-15 06:25:46,54.77,-101.86,9.64,91,39,4.54
116,Fairbanks,US,2020-04-15 06:23:10,64.84,-147.72,44.6,48,1,1.03
117,Olafsvik,IS,2020-04-15 06:25:47,64.89,-23.71,38.28,73,89,28.83
118,Kastamonu,TR,2020-04-15 06:25:47,41.5,33.67,44.6,81,75,9.17
119,Poronaysk,RU,2020-04-15 06:25:47,49.22,143.12,35.62,81,75,3.24
120,Kalush,UA,2020-04-15 06:25:47,49.01,24.37,41.0,48,42,15.66
121,Hithadhoo,MV,2020-04-15 06:25:47,-0.6,73.08,84.97,65,34,1.86
122,Awjilah,LY,2020-04-15 06:25:48,29.11,21.29,75.85,17,90,14.25
123,Maracaju,BR,2020-04-15 06:25:48,-21.61,-55.17,56.53,59,1,6.98
124,Hobart,AU,2020-04-15 06:24:14,-42.88,147.33,61.0,87,90,8.05
125,Georgetown,MY,2020-04-15 06:23:10,5.41,100.34,93.2,63,40,6.93
126,Kruisfontein,ZA,2020-04-15 06:25:49,-34.0,24.73,59.11,73,0,3.98
127,Havoysund,NO,2020-04-15 06:25:49,71.0,24.66,32.0,94,75,19.46
128,Kalabagh,PK,2020-04-15 06:25:49,32.97,71.56,83.16,34,0,3.27
129,Saint-Philippe,RE,2020-04-15 06:25:49,-21.36,55.77,82.4,69,10,27.51
130,Port Lincoln,AU,2020-04-15 06:25:49,-34.73,135.87,77.92,30,100,18.37
131,Leningradskiy,RU,2020-04-15 06:25:50,69.38,178.42,13.3,95,100,1.95
132,Butaritari,KI,2020-04-15 06:25:50,3.07,172.79,83.55,80,45,15.1
133,Husavik,IS,2020-04-15 06:25:50,66.04,-17.34,37.4,69,90,19.46
134,Tuatapere,NZ,2020-04-15 06:25:50,-46.13,167.68,48.99,86,100,4.0
135,Saint-Augustin,CA,2020-04-15 06:25:50,51.23,-58.65,28.44,92,15,11.97
136,Labuhan,ID,2020-04-15 06:25:51,-6.88,112.21,87.53,65,13,5.06
137,Yoichi,JP,2020-04-15 06:25:51,43.2,140.77,46.99,69,75,21.92
138,College,US,2020-04-15 06:25:51,64.86,-147.8,44.6,74,75,1.05
139,La Maddalena,IT,2020-04-15 06:25:51,41.21,9.41,57.2,67,1,19.46
140,Coihaique,CL,2020-04-15 06:25:51,-45.58,-72.07,48.2,87,90,2.33
141,Luderitz,NA,2020-04-15 06:25:45,-26.65,15.16,59.0,67,3,10.29
142,Mackay,AU,2020-04-15 06:25:51,-21.15,149.2,78.01,73,90,21.92
143,Faanui,PF,2020-04-15 06:25:53,-16.48,-151.75,83.21,66,17,6.98
144,Samaipata,BO,2020-04-15 06:25:54,-18.15,-63.87,50.56,50,85,4.05
145,Port-Gentil,GA,2020-04-15 06:25:54,-0.72,8.78,81.84,81,99,5.55
146,Khandyga,RU,2020-04-15 06:25:54,62.67,135.6,32.77,92,100,5.3
147,Matara,LK,2020-04-15 06:25:54,5.95,80.54,88.11,62,41,6.71
148,Marfino,RU,2020-04-15 06:22:51,55.7,37.38,35.6,69,100,8.95
149,Laguna,US,2020-04-15 06:25:55,38.42,-121.42,64.0,50,1,3.36
150,Severo-Kurilsk,RU,2020-04-15 06:25:55,50.68,156.12,31.82,93,100,12.01
151,Anadyr,RU,2020-04-15 06:25:55,64.75,177.48,15.8,85,90,6.71
152,Dajal,PK,2020-04-15 06:25:55,29.56,70.38,95.38,13,2,6.04
153,Tazovskiy,RU,2020-04-15 06:25:56,67.47,78.7,16.2,90,4,9.17
154,Puerto Ayora,EC,2020-04-15 06:25:56,-0.74,-90.35,78.01,91,98,5.01
155,Longyearbyen,SJ,2020-04-15 06:23:34,78.22,15.64,33.8,69,75,39.15
156,Tura,IN,2020-04-15 06:25:56,25.52,90.22,95.4,27,25,5.86
157,Vostok,RU,2020-04-15 06:25:57,46.49,135.88,44.13,40,52,9.44
158,Saldanha,ZA,2020-04-15 06:25:57,-33.01,17.94,51.8,80,40,5.82
159,Benjamin Constant,BR,2020-04-15 06:22:14,-4.38,-70.03,73.4,100,75,1.97
160,Cherskiy,RU,2020-04-15 06:25:57,68.75,161.3,7.48,94,98,8.41
161,Richards Bay,ZA,2020-04-15 06:25:57,-28.78,32.04,65.62,91,100,3.67
162,Mabaruma,GY,2020-04-15 06:25:58,8.2,-59.78,72.41,87,21,3.67
163,Chunskiy,RU,2020-04-15 06:25:58,56.08,99.63,57.76,32,0,5.82
164,Urucara,BR,2020-04-15 06:25:58,-2.54,-57.76,73.49,97,86,3.53
165,Khandagayty,RU,2020-04-15 06:22:03,50.73,92.05,38.7,52,80,4.12
166,West Odessa,US,2020-04-15 06:25:59,31.84,-102.5,46.4,52,40,8.05
167,Srednekolymsk,RU,2020-04-15 06:25:59,67.45,153.68,8.73,92,48,9.98
168,Udobnaya,RU,2020-04-15 06:25:59,44.19,41.55,60.01,2,99,5.99
169,Coquimbo,CL,2020-04-15 06:26:00,-29.95,-71.34,59.0,82,1,4.7
170,Visnes,NO,2020-04-15 06:26:00,59.36,5.22,45.0,93,75,20.8
171,Wad Rawah,SD,2020-04-15 06:26:00,15.16,33.14,80.58,12,78,21.72
172,Campbeltown,GB,2020-04-15 06:26:00,55.43,-5.61,41.0,100,3,3.36
173,Faya,SA,2020-04-15 06:26:01,18.39,42.45,68.0,68,75,11.41
174,Hay River,CA,2020-04-15 06:26:01,60.82,-115.8,30.2,80,90,6.93
175,Kavaratti,IN,2020-04-15 06:26:01,10.57,72.64,89.6,62,20,3.0
176,Vila Velha,BR,2020-04-15 06:25:19,-20.33,-40.29,73.0,94,40,4.7
177,Jalu,LY,2020-04-15 06:26:02,29.03,21.55,75.81,17,86,14.72
178,Acapulco,MX,2020-04-15 06:25:06,16.86,-99.89,75.2,94,5,3.36
179,Grindavik,IS,2020-04-15 06:26:03,63.84,-22.43,37.4,75,75,21.92
180,Pevek,RU,2020-04-15 06:26:03,69.7,170.31,9.41,93,36,1.77
181,Palmer,US,2020-04-15 06:26:03,42.16,-72.33,48.2,36,90,3.36
182,Meulaboh,ID,2020-04-15 06:26:04,4.14,96.13,87.98,59,49,2.64
183,Russell,US,2020-04-15 06:26:04,32.35,-85.2,55.4,66,1,9.17
184,Yumen,CN,2020-04-15 06:26:04,40.28,97.2,66.9,20,57,12.75
185,Adrar,MR,2020-04-15 06:26:04,20.5,-10.07,72.95,55,0,5.99
186,Mugur-Aksy,RU,2020-04-15 06:26:04,50.35,90.5,42.15,28,36,4.25
187,Kilindoni,TZ,2020-04-15 06:26:05,-7.91,39.67,81.5,83,100,12.93
188,Hazorasp,UZ,2020-04-15 06:26:05,41.32,61.07,57.2,20,0,16.11
189,Soyo,AO,2020-04-15 06:26:05,-6.13,12.37,80.6,94,40,6.93
190,Hobyo,SO,2020-04-15 06:26:06,5.35,48.53,87.31,62,46,9.91
191,Kutum,SD,2020-04-15 06:26:06,14.2,24.67,69.19,14,42,12.28
192,Nome,US,2020-04-15 06:26:06,64.5,-165.41,32.0,96,90,9.17
193,La Orilla,MX,2020-04-15 06:26:07,17.98,-102.23,70.72,83,99,3.02
194,Bay City,US,2020-04-15 06:26:07,43.59,-83.89,30.2,74,40,10.29
195,Cookeville,US,2020-04-15 06:26:07,36.16,-85.5,33.01,100,1,4.18
196,Singarayakonda,IN,2020-04-15 06:26:08,15.25,80.03,94.6,34,0,15.19
197,Tobias Barreto,BR,2020-04-15 06:21:31,-11.18,-38.0,69.85,85,34,3.29
198,San Patricio,MX,2020-04-15 06:26:08,19.22,-104.7,71.2,67,72,4.07
199,Iqaluit,CA,2020-04-15 06:26:08,63.75,-68.51,17.6,72,75,19.46
200,Bambous Virieux,MU,2020-04-15 06:26:09,-20.34,57.76,80.6,83,75,17.22
201,Cidreira,BR,2020-04-15 06:26:09,-30.18,-50.21,60.44,67,33,21.3
202,Clyde River,CA,2020-04-15 06:26:09,70.47,-68.59,-7.6,91,1,4.7
203,Kemijarvi,FI,2020-04-15 06:26:09,66.71,27.43,29.61,96,90,6.15
204,Lazaro Cardenas,MX,2020-04-15 06:26:10,17.96,-102.2,71.19,83,98,2.91
205,Lucero,PH,2020-04-15 06:26:10,16.41,119.91,83.03,70,9,10.42
206,Rundu,NA,2020-04-15 06:26:10,-17.93,19.77,66.2,93,5,1.12
207,Asau,RO,2020-04-15 06:26:10,46.43,26.4,43.0,65,29,8.05
208,Zhuhai,CN,2020-04-15 06:26:11,22.28,113.57,82.0,64,20,9.17
209,Llangefni,GB,2020-04-15 06:26:11,53.26,-4.31,41.0,93,72,2.24
210,Comodoro Rivadavia,AR,2020-04-15 06:26:11,-45.87,-67.5,50.0,76,78,11.14
211,Bojnurd,IR,2020-04-15 06:25:28,37.47,57.33,48.2,66,40,2.24
212,Kahului,US,2020-04-15 06:26:11,20.89,-156.47,73.4,88,1,4.7
213,Arraial Do Cabo,BR,2020-04-15 06:21:26,-22.97,-42.03,75.15,83,93,18.54
214,Bengkulu,ID,2020-04-15 06:23:51,-3.8,102.27,83.84,75,94,2.82
215,Ilulissat,GL,2020-04-15 06:26:12,69.22,-51.1,21.2,67,93,11.41
216,Gorontalo,ID,2020-04-15 06:26:12,0.54,123.06,86.65,68,88,4.56
217,Niquelandia,BR,2020-04-15 06:22:18,-14.47,-48.46,69.76,77,100,0.09
218,Pangoa,PE,2020-04-15 06:26:13,-12.12,-73.0,68.38,81,88,1.7
219,Ribeira Grande,PT,2020-04-15 06:26:13,38.52,-28.7,55.22,71,76,23.11
220,Lumphat,KH,2020-04-15 06:26:13,13.49,106.98,102.56,30,87,2.26
221,Santa Maria,BR,2020-04-15 06:26:14,-29.68,-53.81,47.55,66,0,4.68
222,Chuy,UY,2020-04-15 06:26:14,-33.7,-53.46,59.36,87,100,26.87
223,Calvia,ES,2020-04-15 06:26:14,39.57,2.51,57.99,87,47,9.17
224,Nelson,NZ,2020-04-15 06:26:14,-41.28,173.28,55.99,68,76,1.99
225,Hamilton,US,2020-04-15 06:25:21,39.18,-84.53,33.8,86,1,4.68
226,Sassandra,CI,2020-04-15 06:26:15,4.95,-6.08,77.88,89,98,2.98
227,La Palma,US,2020-04-15 06:26:15,33.85,-118.05,66.2,67,1,3.58
228,Fortuna Foothills,US,2020-04-15 06:26:15,32.66,-114.41,69.8,22,1,8.05
229,Morristown,US,2020-04-15 06:26:16,36.21,-83.29,43.0,64,90,3.36
230,Puerto Baquerizo Moreno,EC,2020-04-15 06:26:16,-0.9,-89.6,76.75,88,100,8.5
231,Wajima,JP,2020-04-15 06:26:17,37.4,136.9,60.8,38,90,14.99
232,Umm Lajj,SA,2020-04-15 06:26:17,25.02,37.27,74.79,45,0,7.76
233,Redmond,US,2020-04-15 06:25:59,47.67,-122.12,55.0,71,90,4.7
234,Portland,US,2020-04-15 06:23:48,45.52,-122.68,52.0,71,20,5.82
235,Makakilo City,US,2020-04-15 06:26:18,21.35,-158.09,78.8,88,1,3.36
236,Isiro,CD,2020-04-15 06:26:18,2.77,27.62,73.17,64,99,3.09
237,Homer,US,2020-04-15 06:26:15,59.64,-151.55,39.99,86,1,0.96
238,Zavodoukovsk,RU,2020-04-15 06:26:19,56.5,66.55,44.11,59,67,10.13
239,Vila,PT,2020-04-15 06:26:19,42.03,-8.16,55.99,81,20,3.36
240,Carnarvon,AU,2020-04-15 06:26:20,-24.87,113.63,82.4,51,48,24.16
241,Port Hedland,AU,2020-04-15 06:26:20,-20.32,118.57,96.8,41,83,14.99
242,Codrington,AU,2020-04-15 06:26:20,-38.27,141.97,72.52,37,100,11.14
243,Hasaki,JP,2020-04-15 06:21:43,35.73,140.83,68.0,52,75,12.75
244,Severnyy,RU,2020-04-15 06:26:20,50.68,36.55,33.8,65,75,11.18
245,Dunedin,NZ,2020-04-15 06:26:21,-45.87,170.5,50.0,71,100,10.0
246,Riberalta,BO,2020-04-15 06:26:21,-10.98,-66.1,73.24,94,100,2.55
247,Dunmore Town,BS,2020-04-15 06:26:21,25.5,-76.65,75.87,87,28,16.89
248,Mananara,MG,2020-04-15 06:26:21,-16.17,49.77,78.33,81,41,11.16
249,Komsomolskiy,UZ,2020-04-15 06:26:22,40.43,71.72,53.6,81,75,11.41
250,Berlevag,NO,2020-04-15 06:26:22,70.86,29.09,32.0,83,75,24.16
251,Okha,RU,2020-04-15 06:24:39,53.57,142.95,30.78,94,93,9.48
252,Elizabeth City,US,2020-04-15 06:24:12,36.29,-76.25,54.0,93,90,14.99
253,Kabare,CD,2020-04-15 06:26:23,-2.47,28.82,69.93,46,82,0.65
254,Viransehir,TR,2020-04-15 06:26:23,37.24,39.76,61.88,35,25,2.66
255,Torbay,CA,2020-04-15 06:26:23,47.67,-52.73,39.99,100,90,17.22
256,Raudeberg,NO,2020-04-15 06:26:23,61.99,5.14,45.0,93,75,12.75
257,Palu,ID,2020-04-15 06:26:23,-0.89,119.87,89.17,53,99,4.43
258,Trincomalee,LK,2020-04-15 06:26:24,8.57,81.23,90.45,54,7,5.41
259,Zhigansk,RU,2020-04-15 06:26:24,66.77,123.37,19.18,92,57,14.07
260,Urdoma,RU,2020-04-15 06:26:24,61.75,48.54,39.79,76,82,11.23
261,Beisfjord,NO,2020-04-15 06:26:24,68.38,17.6,37.99,74,98,31.09
262,Nizhnekamsk,RU,2020-04-15 06:22:48,55.64,51.82,48.2,45,80,15.66
263,Harper,LR,2020-04-15 06:26:25,4.38,-7.72,79.48,84,51,2.59
264,Hofn,IS,2020-04-15 06:26:25,64.25,-15.21,36.91,75,64,15.12
265,Maldonado,UY,2020-04-15 06:22:39,-34.67,-54.92,62.01,89,100,18.01
266,Kashary,RU,2020-04-15 06:26:26,49.04,41.01,50.27,75,100,16.33
267,Inhambane,MZ,2020-04-15 06:26:26,-23.86,35.38,82.4,78,75,6.93
268,Kisangani,CD,2020-04-15 06:26:26,0.52,25.2,75.52,75,100,2.62
269,Brae,GB,2020-04-15 06:26:26,60.4,-1.35,46.4,81,99,28.86
270,Cap-Aux-Meules,CA,2020-04-15 06:26:26,47.38,-61.86,34.36,85,81,11.23
271,Nantucket,US,2020-04-15 06:21:32,41.28,-70.1,48.0,87,90,8.05
272,Manhumirim,BR,2020-04-15 06:26:27,-20.36,-41.96,64.24,75,78,3.8
273,Taltal,CL,2020-04-15 06:26:27,-25.4,-70.48,60.17,75,30,0.98
274,Te Anau,NZ,2020-04-15 06:26:27,-45.42,167.72,48.34,68,96,5.86
275,Airai,TL,2020-04-15 06:26:28,-8.93,125.41,68.67,67,85,3.09
276,Purpe,RU,2020-04-15 06:26:28,64.48,76.69,33.55,97,100,15.3
277,Mahebourg,MU,2020-04-15 06:26:28,-20.41,57.7,80.6,83,75,17.22
278,Los Llanos De Aridane,ES,2020-04-15 06:26:28,28.66,-17.92,64.4,68,20,6.93
279,Noumea,NC,2020-04-15 06:26:29,-22.28,166.46,77.0,69,89,11.41
280,Belyy Yar,RU,2020-04-15 06:26:29,53.6,91.39,53.6,66,19,4.47
281,Flinders,AU,2020-04-15 06:26:29,-34.58,150.86,82.99,47,41,3.36
282,Touros,BR,2020-04-15 06:26:29,-5.2,-35.46,77.0,100,90,6.93
283,East London,ZA,2020-04-15 06:26:30,-33.02,27.91,60.8,100,75,4.7
284,Namibe,AO,2020-04-15 06:26:30,-15.2,12.15,74.53,70,31,3.51
285,Edgewater,US,2020-04-15 06:26:30,28.99,-80.9,79.0,100,90,4.7
286,Kodiak,US,2020-04-15 06:26:30,57.79,-152.41,42.8,87,90,8.05
287,Cruz,BR,2020-04-15 06:23:06,-2.92,-40.17,73.83,88,92,3.65
288,Saskylakh,RU,2020-04-15 06:26:31,71.92,114.08,1.27,91,99,10.56
289,Okhotsk,RU,2020-04-15 06:26:31,59.38,143.3,33.71,82,0,4.03
290,Hualmay,PE,2020-04-15 06:26:31,-11.1,-77.61,71.15,77,11,6.73
291,Maceio,BR,2020-04-15 06:26:32,-9.67,-35.74,73.4,88,40,3.36
292,Tautira,PF,2020-04-15 06:26:32,-17.73,-149.15,82.4,78,40,4.7
293,Westport,US,2020-04-15 06:26:32,41.14,-73.36,50.0,61,40,8.05
294,Uthal,PK,2020-04-15 06:26:32,25.81,66.62,91.94,32,2,2.39
295,Dingle,PH,2020-04-15 06:26:33,11.0,122.67,90.25,49,23,10.74
296,Tegal,ID,2020-04-15 06:26:33,-6.87,109.14,89.02,59,11,8.28
297,Nouadhibou,MR,2020-04-15 06:26:33,20.93,-17.03,62.6,88,0,11.41
298,Ponta Do Sol,PT,2020-04-15 06:26:34,32.67,-17.1,57.99,67,20,6.93
299,Jibuti,DJ,2020-04-15 06:26:34,11.5,42.5,86.0,74,90,8.05
300,Howard Springs,AU,2020-04-15 06:26:34,-12.5,131.05,93.2,44,96,10.29
301,Bathsheba,BB,2020-04-15 06:26:34,13.22,-59.52,78.8,74,40,16.11
302,Talnakh,RU,2020-04-15 06:26:35,69.49,88.4,6.8,71,1,13.42
303,Vestmannaeyjar,IS,2020-04-15 06:26:35,63.44,-20.27,39.65,75,99,23.96
304,Milkovo,RU,2020-04-15 06:26:35,54.72,158.62,34.39,74,100,1.86
305,Bulgan,MN,2020-04-15 06:26:35,48.81,103.53,46.04,31,44,12.93
306,Moose Factory,CA,2020-04-15 06:26:36,51.26,-80.61,8.6,78,40,8.05
307,Amga,RU,2020-04-15 06:26:36,60.9,131.96,39.16,74,100,8.86
308,Tiksi,RU,2020-04-15 06:26:36,71.69,128.87,6.22,93,100,14.09
309,Hearst,CA,2020-04-15 06:24:05,49.68,-83.67,10.83,94,100,2.84
310,Cabedelo,BR,2020-04-15 06:26:37,-6.98,-34.83,75.2,94,20,2.24
311,Pizhanka,RU,2020-04-15 06:26:37,57.46,48.54,46.22,75,89,11.56
312,Langsa,ID,2020-04-15 06:26:37,4.47,97.97,91.98,55,72,5.44
313,Lagoa,PT,2020-04-15 06:26:38,39.05,-27.98,55.78,70,35,24.81
314,La Seyne-Sur-Mer,FR,2020-04-15 06:26:38,43.1,5.88,61.0,76,20,11.41
315,Yar-Sale,RU,2020-04-15 06:26:38,66.83,70.83,32.52,98,100,11.05
316,Ancud,CL,2020-04-15 06:26:38,-41.87,-73.82,50.0,100,90,14.99
317,Tigzirt,DZ,2020-04-15 06:26:39,36.89,4.12,62.4,77,9,13.53
318,Imeni Poliny Osipenko,RU,2020-04-15 06:26:39,52.42,136.49,46.69,48,23,12.33
319,Nanakuli,US,2020-04-15 06:26:39,21.39,-158.15,78.8,88,1,6.93
320,Tabriz,IR,2020-04-15 06:23:01,38.08,46.29,55.4,37,0,4.7
321,Tuensang,IN,2020-04-15 06:26:40,26.28,94.83,89.13,20,19,4.25
322,Beyneu,KZ,2020-04-15 06:26:40,45.32,55.2,58.14,32,0,19.06
323,Padang,ID,2020-04-15 06:26:40,-0.95,100.35,87.13,66,76,4.68
324,Mut,TR,2020-04-15 06:26:40,36.64,33.44,64.98,24,69,7.09
325,Ust-Kuyga,RU,2020-04-15 06:26:41,70.02,135.6,10.96,93,100,12.68
326,Ahipara,NZ,2020-04-15 06:26:41,-35.17,173.17,60.89,72,83,12.77
327,Bahia De Caraquez,EC,2020-04-15 06:26:41,-0.6,-80.42,77.0,83,75,1.12
328,Kahna Nau,PK,2020-04-15 06:26:41,31.37,74.37,93.2,36,40,6.93
329,Narsaq,GL,2020-04-15 06:26:41,60.92,-46.05,26.6,79,98,1.12
330,Akoupe,CI,2020-04-15 06:26:42,6.39,-3.9,74.39,93,55,1.99
331,Roros,NO,2020-04-15 06:26:42,62.57,11.38,37.4,69,40,12.75
332,Udachnyy,RU,2020-04-15 06:26:42,66.42,112.4,21.2,41,99,6.71
333,Ferme-Neuve,CA,2020-04-15 06:26:43,46.7,-75.45,29.66,89,97,9.13
334,Winnemucca,US,2020-04-15 06:26:43,40.97,-117.74,46.99,24,1,9.17
335,Fort Nelson,CA,2020-04-15 06:26:43,58.81,-122.7,39.2,79,90,3.36
336,Bahia Blanca,AR,2020-04-15 06:23:58,-38.72,-62.27,52.61,72,1,6.22
337,Maxixe,MZ,2020-04-15 06:26:43,-23.86,35.35,82.4,78,75,6.93
338,Wajid,SO,2020-04-15 06:26:44,3.81,43.25,84.7,55,84,11.3
339,Cabo San Lucas,MX,2020-04-15 06:24:27,22.89,-109.91,66.0,60,99,10.65
340,Katsuura,JP,2020-04-15 06:26:44,35.13,140.3,68.0,45,75,18.34
341,Walvis Bay,NA,2020-04-15 06:26:44,-22.96,14.51,57.0,100,0,5.82
342,Camabatela,AO,2020-04-15 06:26:44,-8.19,15.38,66.33,69,97,2.1
343,Lima,PE,2020-04-15 06:25:24,-12.04,-77.03,71.6,78,75,9.17
344,Zhangye,CN,2020-04-15 06:26:45,38.93,100.45,70.72,15,17,12.75
345,Roswell,US,2020-04-15 06:25:15,34.02,-84.36,50.0,61,40,10.29
346,Duobao,CN,2020-04-15 06:26:45,30.67,112.69,84.99,41,1,10.47
347,Pacific Grove,US,2020-04-15 06:26:24,36.62,-121.92,57.99,58,1,4.7
348,Churachandpur,IN,2020-04-15 06:26:46,24.33,93.67,91.99,17,0,8.16
349,Santa Rosa,PH,2020-04-15 06:26:46,14.31,121.11,93.99,56,20,9.17
350,Sambava,MG,2020-04-15 06:26:46,-14.27,50.17,82.44,67,31,9.46
351,Buraydah,SA,2020-04-15 06:25:35,26.33,43.98,68.0,68,0,10.29
352,Siderno,IT,2020-04-15 06:26:47,38.28,16.3,63.0,67,20,6.93
353,Chivay,PE,2020-04-15 06:26:47,-15.64,-71.6,42.35,20,78,1.57
354,Mushie,CD,2020-04-15 06:26:47,-3.02,16.9,76.21,83,91,2.04
355,Balabac,PH,2020-04-15 06:26:47,7.99,117.06,86.45,65,6,11.16
356,Fano,IT,2020-04-15 06:26:48,43.82,13.01,52.0,57,0,10.29
357,Novoagansk,RU,2020-04-15 06:26:48,61.94,76.66,37.81,92,100,12.33
358,Kailua,US,2020-04-15 06:26:48,21.4,-157.74,78.8,78,75,4.7
359,Sabha,LY,2020-04-15 06:26:48,27.04,14.43,81.48,13,49,11.86
360,Hurricane,US,2020-04-15 06:26:04,37.18,-113.29,51.8,27,1,3.36
361,Manaus,BR,2020-04-15 06:26:49,-3.1,-60.02,75.2,94,20,6.93
362,Praia Da Vitoria,PT,2020-04-15 06:26:49,38.73,-27.07,50.0,93,75,23.82
363,Urubicha,BO,2020-04-15 06:22:03,-15.38,-62.95,64.67,80,69,1.14
364,Belmonte,BR,2020-04-15 06:26:49,-15.86,-38.88,73.4,88,14,4.7
365,Pimenta Bueno,BR,2020-04-15 06:23:06,-11.67,-61.19,71.62,91,99,1.45
366,Fort-Shevchenko,KZ,2020-04-15 06:26:50,44.51,50.26,54.21,48,24,32.86
367,Vidim,RU,2020-04-15 06:26:50,56.41,103.11,55.33,36,0,1.95
368,Svetlogorsk,BY,2020-04-15 06:26:50,52.63,29.73,36.59,72,22,15.48
369,Beruwala,LK,2020-04-15 06:26:50,6.48,79.98,88.02,61,22,7.0
370,Pemba,MZ,2020-04-15 06:26:51,-12.97,40.52,86.0,79,20,6.93
371,North Bend,US,2020-04-15 06:26:51,43.41,-124.22,51.01,100,90,6.93
372,Chicama,PE,2020-04-15 06:26:51,-7.84,-79.15,73.94,71,14,4.63
373,Asfi,MA,2020-04-15 06:26:51,32.3,-9.24,61.23,80,21,15.77
374,Bilma,NE,2020-04-15 06:26:51,18.69,12.92,81.18,13,0,5.7
375,Tibati,CM,2020-04-15 06:26:52,6.47,12.63,72.03,58,97,1.32
376,Chumikan,RU,2020-04-15 06:26:52,54.72,135.31,43.81,57,0,4.56
377,Gwanda,ZW,2020-04-15 06:26:52,-20.93,29.0,76.01,34,76,11.18
378,Lakatoro,VU,2020-04-15 06:26:53,-16.1,167.42,82.4,78,75,10.29
379,Tete,MZ,2020-04-15 06:26:53,-16.16,33.59,82.4,65,40,3.76
380,Mala,PE,2020-04-15 06:26:53,-12.66,-76.63,71.74,75,93,3.49
381,Lata,PT,2020-04-15 06:26:54,40.16,-8.33,55.0,87,20,6.93
382,Evensk,RU,2020-04-15 06:26:54,61.95,159.23,22.14,92,12,2.39
383,Madang,PG,2020-04-15 06:26:54,-5.22,145.8,84.07,71,93,4.25
384,Kiama,AU,2020-04-15 06:26:54,-34.68,150.87,82.99,47,45,3.36
385,Sungai Padi,TH,2020-04-15 06:26:54,6.09,101.88,93.2,63,20,10.29
386,Bereda,ES,2020-04-15 06:26:56,43.27,-7.54,57.0,76,98,1.12
387,Aksu,CN,2020-04-15 06:26:56,41.12,80.26,75.94,12,100,8.01
388,Sakakah,SA,2020-04-15 06:26:56,29.97,40.21,64.4,55,75,5.82
389,Muncar,ID,2020-04-15 06:26:57,-8.43,114.33,85.6,70,64,5.57
390,Plouzane,FR,2020-04-15 06:26:57,48.38,-4.62,44.01,81,0,16.11
391,Ilheus,BR,2020-04-15 06:26:57,-14.79,-39.05,73.4,100,63,2.24
392,Taoudenni,ML,2020-04-15 06:26:57,22.68,-3.98,71.69,60,93,9.89
393,Abalak,RU,2020-04-15 06:26:57,58.13,68.59,41.65,74,72,4.83
394,Arlit,NE,2020-04-15 06:26:58,18.74,7.39,82.27,12,0,6.67
395,Sault Sainte Marie,CA,2020-04-15 06:26:58,46.52,-84.33,21.2,79,1,10.29
396,Hanzhong,CN,2020-04-15 06:26:58,33.07,107.03,78.17,33,31,3.31
397,Havelock,US,2020-04-15 06:26:58,34.88,-76.9,68.0,82,90,4.7
398,Ulladulla,AU,2020-04-15 06:26:59,-35.35,150.47,79.0,47,49,3.36
399,Wellington,NZ,2020-04-15 06:22:10,-41.29,174.78,53.6,50,92,2.24
400,Butterworth,MY,2020-04-15 06:26:59,5.4,100.36,93.2,63,40,6.93
401,Staszow,PL,2020-04-15 06:26:59,50.56,21.17,41.0,46,45,5.01
402,Andilamena,MG,2020-04-15 06:26:59,-17.02,48.58,68.43,62,87,12.24
403,Abha,SA,2020-04-15 06:27:00,18.22,42.51,68.0,68,75,11.41
404,Sola,VU,2020-04-15 06:27:00,-13.88,167.55,80.94,80,100,15.77
405,Honolulu,US,2020-04-15 06:25:06,21.31,-157.86,78.8,73,75,3.36
406,Rio Grande,BR,2020-04-15 06:27:01,-32.03,-52.1,57.99,71,60,5.01
407,Dosso,NE,2020-04-15 06:27:01,13.05,3.19,82.92,15,25,7.9
408,Phangnga,TH,2020-04-15 06:27:01,8.45,98.53,98.6,55,20,8.05
409,Oranjemund,NA,2020-04-15 06:27:02,-28.55,16.43,55.72,82,17,5.19
410,Saint-Pierre,RE,2020-04-15 06:24:00,-21.34,55.48,82.4,69,9,27.51
411,Barahona,DO,2020-04-15 06:27:02,18.21,-71.1,77.67,78,36,7.99
412,Meiganga,CM,2020-04-15 06:27:02,6.52,14.3,71.37,61,84,1.03
413,Zyryanka,RU,2020-04-15 06:27:03,65.75,150.85,16.52,92,27,9.86
414,Qasigiannguit,GL,2020-04-15 06:27:03,68.82,-51.19,21.2,67,87,11.41
415,Almaznyy,RU,2020-04-15 06:27:03,48.04,40.05,55.4,58,40,20.13
416,Ribeira Brava,PT,2020-04-15 06:27:03,32.65,-17.07,57.99,67,20,6.93
417,Ust-Tsilma,RU,2020-04-15 06:27:04,65.44,52.15,37.96,83,45,9.35
418,Bad Sachsa,DE,2020-04-15 06:27:04,51.59,10.56,39.99,83,43,7.07
419,Bontang,ID,2020-04-15 06:27:04,0.13,117.5,87.51,58,70,8.66
420,Kefamenanu,ID,2020-04-15 06:27:04,-9.45,124.48,82.76,64,68,8.52
421,Excelsior Springs,US,2020-04-15 06:23:56,39.34,-94.23,44.01,52,1,9.17
422,Mount Gambier,AU,2020-04-15 06:27:05,-37.83,140.77,77.0,28,100,14.99
423,Mitsamiouli,KM,2020-04-15 06:27:05,-11.38,43.28,86.0,70,20,3.36
424,Guerrero Negro,MX,2020-04-15 06:23:28,27.98,-114.06,62.06,79,60,13.35
425,Kavieng,PG,2020-04-15 06:27:05,-2.57,150.8,83.57,73,61,5.26
426,Saint George,US,2020-04-15 06:26:44,37.1,-113.58,51.8,27,1,3.36
427,Valley City,US,2020-04-15 06:25:02,46.92,-98.0,21.2,92,75,3.36
428,Deputatskiy,RU,2020-04-15 06:27:06,69.3,139.9,1.6,88,100,4.43
429,Mayumba,GA,2020-04-15 06:27:06,-3.43,10.66,79.9,87,98,6.71
430,Saint Charles,US,2020-04-15 06:27:06,38.78,-90.48,39.2,44,1,4.7
431,Port Augusta,AU,2020-04-15 06:27:07,-32.5,137.77,89.6,11,93,17.22
432,Nemuro,JP,2020-04-15 06:27:07,43.32,145.57,35.6,59,75,12.75
433,Cherepovets,RU,2020-04-15 06:27:07,59.13,37.9,33.8,80,100,4.47
434,Shimoda,JP,2020-04-15 06:27:07,34.67,138.95,68.0,56,75,13.87
435,Carlisle,US,2020-04-15 06:25:36,40.2,-77.19,39.2,80,75,5.3
436,Camacupa,AO,2020-04-15 06:27:08,-12.02,17.48,63.19,64,100,1.92
437,Shipitsyno,RU,2020-04-15 06:27:08,61.28,46.52,39.99,81,100,11.63
438,Awbari,LY,2020-04-15 06:27:08,26.59,12.78,78.64,19,77,10.51
439,Itoman,JP,2020-04-15 06:27:08,26.12,127.67,69.8,56,75,6.93
440,Pringsewu,ID,2020-04-15 06:27:08,-5.36,104.97,86.86,70,95,1.23
441,Morehead,US,2020-04-15 06:27:09,37.27,-87.18,35.01,100,1,1.03
442,Aracati,BR,2020-04-15 06:27:09,-4.56,-37.77,77.34,82,68,2.01
443,Sulangan,PH,2020-04-15 06:27:09,11.14,123.72,85.69,57,0,2.35
444,Cherdyn,RU,2020-04-15 06:27:09,60.4,56.48,35.51,94,96,3.87
445,Rantepao,ID,2020-04-15 06:27:09,-2.97,119.9,83.53,48,91,3.4
446,Port Blair,IN,2020-04-15 06:27:10,11.67,92.75,83.91,72,94,5.79
447,Vanavara,RU,2020-04-15 06:27:10,60.34,102.28,50.65,56,0,3.6
448,Bom Sucesso,BR,2020-04-15 06:27:10,-21.03,-44.76,62.51,72,100,1.9
449,Vanino,RU,2020-04-15 06:27:10,49.09,140.25,33.28,87,66,14.12
450,Shingu,JP,2020-04-15 06:25:50,33.73,135.98,66.2,37,99,6.93
451,Maniitsoq,GL,2020-04-15 06:27:11,65.42,-52.9,23.86,84,73,9.04
452,Capitao Poco,BR,2020-04-15 06:27:11,-1.75,-47.06,68.88,96,100,1.36
453,Abbeville,FR,2020-04-15 06:27:11,50.1,1.83,39.2,80,16,4.7
454,Yabrud,SY,2020-04-15 06:27:11,33.97,36.66,66.2,45,0,4.7
455,Taguatinga,BR,2020-04-15 06:27:12,-12.39,-46.57,70.66,85,100,5.77
456,Kangaatsiaq,GL,2020-04-15 06:27:12,68.31,-53.46,24.53,95,95,14.07
457,Kiunga,PG,2020-04-15 06:27:12,-6.12,141.29,92.25,53,82,2.86
458,Tulsipur,NP,2020-04-15 06:27:12,28.13,82.3,97.84,12,39,5.88
459,Ekibastuz,KZ,2020-04-15 06:27:12,51.67,75.37,48.81,46,13,19.71
460,Saint-Ambroise,CA,2020-04-15 06:25:07,48.55,-71.33,30.0,50,40,2.24
461,Redlands,US,2020-04-15 06:27:13,34.06,-117.18,66.2,38,1,2.89
462,Abu Dhabi,AE,2020-04-15 06:26:34,24.47,54.37,86.0,51,100,2.24
463,Trancoso,MX,2020-04-15 06:27:13,22.73,-102.37,59.0,9,5,11.41
464,Villa Rica,US,2020-04-15 06:27:14,33.73,-84.92,48.2,67,90,10.29
465,Margate,GB,2020-04-15 06:27:14,51.38,1.39,48.99,87,99,9.17
466,Khuzhir,RU,2020-04-15 06:27:14,53.19,107.34,38.26,61,0,1.01
467,Jos,NG,2020-04-15 06:27:14,9.92,8.9,64.4,59,21,1.39
468,Haines Junction,CA,2020-04-15 06:27:14,60.75,-137.51,33.24,70,85,4.34
469,Champerico,GT,2020-04-15 06:27:15,14.3,-91.92,82.38,73,99,6.31
470,Chippewa Falls,US,2020-04-15 06:27:15,44.94,-91.39,23.0,85,90,4.7
471,Dakar,SN,2020-04-15 06:27:15,14.69,-17.44,68.0,94,97,2.24
472,Saint-Francois,FR,2020-04-15 06:27:15,46.42,3.91,42.01,75,0,4.18
473,Myitkyina,MM,2020-04-15 06:27:16,25.38,97.4,107.04,14,1,2.98
474,Ucluelet,CA,2020-04-15 06:27:16,48.93,-125.55,48.99,88,0,1.01
475,Ostersund,SE,2020-04-15 06:27:16,63.18,14.64,36.0,86,40,13.87
476,Slonim,BY,2020-04-15 06:27:16,53.09,25.32,36.7,72,51,13.38
477,Coruripe,BR,2020-04-15 06:27:17,-10.13,-36.18,77.52,79,68,4.32
478,Tessalit,ML,2020-04-15 06:27:17,20.2,1.01,76.44,34,99,19.42
479,Karpathos,GR,2020-04-15 06:27:17,35.51,27.21,64.4,77,94,12.75
480,Coxim,BR,2020-04-15 06:27:17,-18.51,-54.76,70.07,84,0,6.11
481,Beloha,MG,2020-04-15 06:27:17,-25.17,45.05,82.24,52,0,5.64
482,Lipari,IT,2020-04-15 06:27:17,38.47,14.95,63.0,87,40,9.17
483,Starkville,US,2020-04-15 06:27:00,33.45,-88.82,42.8,86,1,7.09
484,Kidal,ML,2020-04-15 06:27:18,18.44,1.41,77.31,25,58,13.11
485,Agua Verde,MX,2020-04-15 06:27:18,22.9,-106.05,66.99,86,21,1.01
486,Killam,CA,2020-04-15 06:27:18,52.78,-111.85,34.0,81,100,1.01
487,Vila Franca Do Campo,PT,2020-04-15 06:27:18,37.72,-25.43,51.8,81,75,12.75
488,Sale,MA,2020-04-15 06:27:19,34.04,-6.82,60.01,87,40,10.29
489,Avera,US,2020-04-15 06:27:19,33.19,-82.53,62.6,67,1,4.7
490,Cam Ranh,VN,2020-04-15 06:26:55,11.92,109.16,87.8,66,20,17.22
491,Tapia,PH,2020-04-15 06:27:19,7.75,126.01,92.28,47,46,5.03
492,Salalah,OM,2020-04-15 06:27:20,17.02,54.09,86.0,66,75,9.17
493,Sehithwa,BW,2020-04-15 06:27:20,-20.47,22.72,74.23,33,42,9.08
494,Iralaya,HN,2020-04-15 06:27:20,15.0,-83.23,77.05,83,0,9.48
495,Kanturk,IE,2020-04-15 06:27:20,52.17,-8.9,39.0,93,20,5.82
496,Tarakan,ID,2020-04-15 06:27:20,3.3,117.63,82.8,66,94,7.29
497,Todos Santos,MX,2020-04-15 06:27:21,23.45,-110.22,66.0,86,99,6.73
498,Kroya,ID,2020-04-15 06:27:21,-7.63,109.25,90.95,56,22,5.68
499,Deer Lake,CA,2020-04-15 06:27:21,49.17,-57.43,32.0,94,75,9.17
500,Madimba,TZ,2020-04-15 06:27:22,-10.4,40.33,78.8,94,20,9.17
501,Karema,TZ,2020-04-15 06:27:22,-6.82,30.44,71.62,71,100,1.12
502,Riyadh,SA,2020-04-15 06:27:13,24.69,46.72,71.6,24,20,11.41
503,Tingi,TZ,2020-04-15 06:27:22,-11.3,35.03,68.56,62,83,4.0
504,Katherine,AU,2020-04-15 06:27:22,-14.47,132.27,95.0,30,51,12.75
505,Jiuquan,CN,2020-04-15 06:27:23,39.74,98.52,66.61,19,35,7.36
506,Nishihara,JP,2020-04-15 06:27:23,26.18,127.76,69.8,56,75,8.05
507,Goure,NE,2020-04-15 06:27:23,13.98,10.27,76.3,15,9,8.77
508,San Luis,AR,2020-04-15 06:27:23,-33.3,-66.34,54.41,34,6,6.2
509,Kijang,KR,2020-04-15 06:27:23,35.24,129.21,64.4,31,100,13.87
510,Malpe,IN,2020-04-15 06:27:24,13.35,74.72,93.2,56,40,6.93
511,Cockburn Town,TC,2020-04-15 06:27:24,21.46,-71.14,78.39,82,1,17.9
512,Daru,PG,2020-04-15 06:27:24,-9.08,143.21,83.3,78,90,9.91
513,Bara,NG,2020-04-15 06:27:24,10.37,10.73,81.99,13,23,5.12
514,Takoradi,GH,2020-04-15 06:27:24,4.88,-1.76,80.67,85,53,5.03
515,Opunake,NZ,2020-04-15 06:27:25,-39.46,173.86,54.0,93,100,11.01
516,Cuamba,MZ,2020-04-15 06:27:25,-14.8,36.54,75.2,70,32,2.35
517,Svetlyy,RU,2020-04-15 06:27:25,54.67,20.13,41.0,93,90,20.13
518,Geraldton,AU,2020-04-15 06:27:26,-28.77,114.6,75.2,47,38,19.46
519,Mangrol,IN,2020-04-15 06:27:26,21.12,70.12,91.38,35,18,11.97
520,Kuching,MY,2020-04-15 06:27:26,1.55,110.33,91.4,66,40,5.82
521,Agadez,NE,2020-04-15 06:27:26,19.75,10.25,80.64,13,0,8.97
522,Rosetta,EG,2020-04-15 06:27:26,31.4,30.42,55.4,87,3,3.36
523,Lasa,IT,2020-04-15 06:25:45,46.62,10.7,41.0,79,5,3.36
524,Paamiut,GL,2020-04-15 06:27:27,61.99,-49.67,30.43,86,100,11.3
525,Lapi,PH,2020-04-15 06:27:27,17.72,121.9,88.07,56,39,0.56
526,Hervey Bay,AU,2020-04-15 06:27:27,-25.3,152.85,79.0,61,90,16.11
527,Sampang,ID,2020-04-15 06:27:27,-7.19,113.24,86.11,70,35,3.56
528,Songjianghe,CN,2020-04-15 06:27:28,42.19,127.48,63.82,21,87,6.91
529,Parana,AR,2020-04-15 06:27:28,-31.73,-60.52,54.0,78,0,1.99
530,Aksarka,RU,2020-04-15 06:27:28,66.56,67.8,33.39,98,100,8.43
531,Norman Wells,CA,2020-04-15 06:22:56,65.28,-126.83,30.2,74,20,3.36
532,Itarema,BR,2020-04-15 06:27:28,-2.92,-39.92,74.48,87,90,3.49
533,Kamina,CD,2020-04-15 06:27:29,-8.74,24.99,69.91,67,100,0.76
534,Ngerengere,TZ,2020-04-15 06:27:29,-6.75,38.12,73.4,94,40,4.45
535,Suntar,RU,2020-04-15 06:27:29,62.14,117.63,35.38,80,99,5.59
536,Valdemarpils,LV,2020-04-15 06:27:29,57.37,22.59,41.0,93,90,16.11
537,Bardiyah,LY,2020-04-15 06:27:29,31.76,25.09,69.08,27,96,17.34
538,Verkhnyaya Inta,RU,2020-04-15 06:27:30,65.98,60.31,36.72,88,11,11.54
539,Cayenne,GF,2020-04-15 06:27:30,4.93,-52.33,75.2,94,89,5.08
540,Hennebont,FR,2020-04-15 06:27:30,47.81,-3.27,48.0,72,0,14.99
541,Karachi,PK,2020-04-15 06:25:09,24.91,67.08,89.6,52,75,11.41
542,Tomatlan,MX,2020-04-15 06:27:30,19.93,-105.25,66.99,60,21,2.73
543,Birao,CF,2020-04-15 06:27:31,10.28,22.79,81.5,12,66,14.88
544,Bagdarin,RU,2020-04-15 06:27:31,54.43,113.6,49.62,31,99,2.55
545,Thanh Hoa,VN,2020-04-15 06:23:09,19.8,105.77,78.96,63,81,7.9
546,Cody,US,2020-04-15 06:27:31,44.53,-109.06,36.0,68,75,4.7
547,Krasnoborsk,RU,2020-04-15 06:27:31,61.56,45.93,39.4,84,100,12.3
548,Port Macquarie,AU,2020-04-15 06:22:56,-31.43,152.92,77.0,57,26,10.22
549,Bingol,TR,2020-04-15 06:27:32,38.88,40.49,51.8,35,5,2.24
550,North Myrtle Beach,US,2020-04-15 06:27:32,33.82,-78.68,70.0,94,40,11.41
551,Troitsko-Pechorsk,RU,2020-04-15 06:27:33,62.71,56.2,39.16,75,84,6.85
552,Senanga,ZM,2020-04-15 06:27:33,-16.12,23.27,70.5,51,0,4.63
553,Digby,CA,2020-04-15 06:27:33,44.62,-65.77,41.0,80,86,6.69
554,Nola,IT,2020-04-15 06:27:33,40.92,14.53,54.0,39,2,14.99
555,Belousovka,KZ,2020-04-15 06:27:34,50.13,82.52,46.4,81,90,6.71
556,Korla,CN,2020-04-15 06:27:34,41.76,86.15,75.49,14,89,11.95
557,Zhezkazgan,KZ,2020-04-15 06:27:34,47.8,67.71,53.6,25,20,11.18
558,Salas,ES,2020-04-15 06:27:34,43.41,-6.26,54.0,93,99,4.7
559,Tirumullaivasal,IN,2020-04-15 06:27:35,11.23,79.83,88.21,53,2,6.4
560,Lundazi,ZM,2020-04-15 06:27:35,-12.29,33.18,70.38,60,89,6.64
561,Baleshwar,IN,2020-04-15 06:25:58,21.49,86.93,99.73,30,0,15.9
562,Neuhausen,RU,2020-04-15 06:27:35,54.77,20.61,41.0,93,90,20.13
563,Darhan,MN,2020-04-15 06:27:35,49.49,105.92,43.02,51,100,16.78
564,Tatawin,TN,2020-04-15 06:27:36,32.93,10.45,62.6,72,100,3.36
565,Marquette,US,2020-04-15 06:27:36,46.53,-87.63,24.01,78,1,5.82
566,Man,CI,2020-04-15 06:27:36,7.41,-7.55,72.36,85,78,0.98
567,Barashevo,RU,2020-04-15 06:27:36,54.53,42.88,47.98,58,100,15.39
568,Oktyabrskoye,RU,2020-04-15 06:27:37,43.06,44.74,64.4,31,78,2.24
569,Magaria,NE,2020-04-15 06:27:37,13.0,8.91,77.04,15,9,9.93
570,Honiara,SB,2020-04-15 06:27:37,-9.43,159.95,77.0,100,75,4.7
571,Taywarah,AF,2020-04-15 06:27:37,33.35,64.42,45.79,18,3,4.61
572,Boguchany,RU,2020-04-15 06:27:37,58.38,97.45,55.17,52,12,4.99
573,Meyrin,CH,2020-04-15 06:27:38,46.23,6.08,46.0,56,0,4.7
574,Paralimni,CY,2020-04-15 06:27:38,35.04,33.98,69.8,56,34,5.82
575,Panlaitan,PH,2020-04-15 06:27:38,12.12,119.85,84.02,70,35,5.26
